epoch,time,train/box_loss,train/cls_loss,train/dfl_loss,metrics/precision(B),metrics/recall(B),metrics/mAP50(B),metrics/mAP50-95(B),val/box_loss,val/cls_loss,val/dfl_loss,lr/pg0,lr/pg1,lr/pg2
1,835.174,1.10879,3.16707,1.15276,0.70921,0.17228,0.25394,0.19005,1.04843,2.90822,1.04164,0.00030027,0.00030027,0.00030027
2,2192.19,1.08505,2.03631,1.11523,0.59535,0.41013,0.42139,0.30827,1.01439,1.94798,1.0584,0.000453961,0.000453961,0.000453961
3,3200.46,1.0387,1.68445,1.08104,0.74899,0.45788,0.52089,0.39065,0.88952,1.57321,0.98649,0.000457666,0.000457666,0.000457666
4,3888.18,0.93333,1.45612,1.03847,0.76607,0.50359,0.5764,0.45392,0.78223,1.34625,0.95452,0.000234068,0.000234068,0.000234068
